<softinstall xmlns="http://www.softaculous.com">
	<settings>
		<group>
			<heading>{{db_set}}</heading>
			<input type="text" name="dbprefix" size="30" value="frm_">
				<head>{{db_pre}}</head>
				<optional>true</optional>
			</input>
		</group>
		<group>
			<heading>{{ad_act}}</heading>
			<input type="text" name="admin_username" size="30" value="admin">
				<head>{{ad_name}}</head>
			</input>
			<input type="text" name="admin_pass" size="30" value="pass">
				<head>{{ad_pass}}</head>
				<handle>__ad_pass</handle>
			</input>
			<input type="text" name="admin_fname" size="30" value="System">
				<head>{{f_name}}</head>
			</input>
			<input type="text" name="admin_lname" size="30" value="Administrator">
				<head>{{l_name}}</head>
			</input>
			<input type="text" name="admin_email" size="30" value="admin" softmail="true">
				<head>{{ad_email}}</head>
				<handle>__email_address</handle>
			</input>
		</group>
		<group>
			<heading>{{ad_lang}}</heading>
			<input type="select">
				<select name="language">
					<option value="en_us">English(US)</option>
					<option value="ar">Arabic</option>
					<option value="az">Azerbaijani</option>
					<option value="be">Byelorussian</option>
					<option value="bg">Bulgarian</option>
					<option value="ca">Catalan</option>
					<option value="cs">Czech</option>
					<option value="cy">Welsh</option>
					<option value="da">Danish</option>
					<option value="de">Deutsch</option>
					<option value="el">Greek</option>
					<option value="es">Spanish</option>
					<option value="et">Estonian</option>
					<option value="fa">Persian</option>
					<option value="fi">Finnish</option>
					<option value="fr">French</option>
					<option value="ga">Irish</option>
					<option value="gl">Galician</option>
					<option value="hi">Hindi</option>
					<option value="hr">Croatian</option>
					<option value="hu">Hungarian</option>
					<option value="id">Indonesian</option>
					<option value="is">Icelandic</option>
					<option value="it">Italian</option>
					<option value="ja">Japanese</option>
					<option value="ko">Korean</option>
					<option value="la">Latvian</option>
					<option value="lt">Lithuanian</option>
					<option value="mk">Macedonian</option>
					<option value="ms">Malay</option>
					<option value="mt">Maltese</option>
					<option value="nl">Dutch</option>
					<option value="no">Norwegian</option>
					<option value="pl">Polish</option>
					<option value="pt">Portuguese</option>
					<option value="pt_br">Brazilian Portuguese</option>
					<option value="pt_eu">European Portuguese</option>
					<option value="ro">Romanian</option>
					<option value="ru">Russian</option>
					<option value="sk">Slovak</option>
					<option value="sl">Slovenian</option>
					<option value="sr">Serbian</option>
					<option value="sv">Swedish</option>
					<option value="sw">Swahili</option>
					<option value="th">Thai</option>
					<option value="tl">Filipino</option>
					<option value="tr">Turkish</option>
					<option value="uk">Ukrainian</option>
					<option value="vi">Vietnamese</option>
					<option value="yi">Yiddish</option>
					<option value="zh_cn">Simplified Chinese</option>
					<option value="zh_tw">Traditional Chinese</option>
				</select>
				<head>{{select_lang}}</head>
			</input>
		</group>
	</settings>
	<db>mysql</db>
	<files>
		<exclude>install/*</exclude>
		<exclude>install/*/*</exclude>
		<exclude>install/*/*/*</exclude>
		<exclude>install/*/*/*/*</exclude>
	</files>
</softinstall>