<softinstall xmlns="http://www.softaculous.com">
	<settings>
		<group>
			<heading>{{site_set}}</heading>
			<input type="text" name="site_name" size="30" value="Collabtive Project">
				<head>{{site_name}}</head>
			</input>
			<input type="text" name="site_desc" size="30" value="Project Management Site">
				<head>{{site_desc}}</head>
			</input>
		</group>
		<group>
			<heading>{{ad_act}}</heading>
			<input type="text" name="admin_username" size="30" value="admin">
				<head>{{ad_name}}</head>
			</input>
			<input type="text" name="admin_pass" size="30" value="pass">
				<head>{{ad_pass}}</head>
				<handle>__ad_pass</handle>
			</input>
			<input type="text" name="admin_email" size="30" value="admin" softmail="true">
				<head>{{ad_email}}</head>
				<handle>__email_address</handle>
			</input>
		</group>
		<group>
			<heading>{{ad_lang}}</heading>
			<input type="select">
				<select name="language">
					<option value="en">English</option>
					<option value="al">Albanian</option>
					<option value="ar">Arabic</option>
					<option value="bg">Bulgarian</option>
					<option value="ca">Catalan</option>
					<option value="cs">Czech</option>
					<option value="da">Danish</option>
					<option value="de">German</option>
					<option value="el">Greek</option>
					<option value="es">Spanish</option>
					<option value="et">Estonian</option>
					<option value="fa">Farsi</option>
					<option value="fi">Finnish</option>
					<option value="fr">French</option>
					<option value="gl">Galician</option>
					<option value="he">Hebrew</option>
					<option value="hr">Croatian</option>
					<option value="hu">Hungarian</option>
					<option value="id">Indonesian</option>
					<option value="it">Italian</option>
					<option value="ja">Japanese</option>
					<option value="lt">Lithuanian</option>
					<option value="nb">Norwegian</option>
					<option value="nl">Dutch</option>
					<option value="pl">Polish</option>
					<option value="pt">Portuguese</option>
					<option value="pt_br">Portuguese (Brazilian)</option>
					<option value="ro">Romanian</option>
					<option value="ru">Russian</option>
					<option value="se">Swedish</option>
					<option value="sk">Slovak</option>
					<option value="sl">Slovenian</option>
					<option value="sr">Serbian</option>
					<option value="tr">Turkish</option>
					<option value="uk">Ukranian</option>
					<option value="vi">Vietnamese</option>
					<option value="zh">Chinese(Simplified)</option>
					<option value="zh_tw">Chinese(Traditional)</option>
				</select>
				<head>{{select_lang}}</head>
			</input>
		</group>
	</settings>
	<db>mysql</db>
	<files>
		<exclude>install.php</exclude>
		<exclude>update.php</exclude>
	</files>
</softinstall>