<soft xmlns="http://www.softaculous.com">
	<overview>
		<img src="logo.png" style="float:right;margin:10px;" alt="" />{{overview}}
	</overview>
	<features>
		{{features}}
	</features>
	<demo>
		http://www.softaculous.com/demos/PunBB
	</demo>
	<ratings>
		http://www.softaculous.com/softwares/forums/PunBB
	</ratings>
	<space>
		1907491
	</space>
	<support>
		http://punbb.informer.com
	</support>
	<version>
		1.4.4
	</version>
	<mod>12</mod>
	<mod_files>3</mod_files>
	<release_date>14-10-2015</release_date>
	<admin>admin</admin>
	<softversion>
		4.1.7
	</softversion>
	<languages>
		<english-overview>
		<font size="5" color="#182e7a">PunBB</font> is a fast and lightweight PHP-powered discussion board. Its primary goals are to be faster, smaller and less graphically intensive as compared to other discussion boards. PunBB has fewer features than many other discussion boards, but is generally faster and outputs smaller, semantically correct XHTML-compliant pages.
		<br /><br />
		PunBB is released under the <a href="http://www.gnu.org/copyleft/gpl.html"> GNU General Public License</a>.
		</english-overview>		
		<english-features>
		<ul>
<li>Extension system based on hooking technique. One click extension installation, no need to modify forum's code anymore.</li>
<li>Full UTF-8 support.</li>
<li>More customizable styles, templating system.</li>
<li>New layout: markup, CSS, language files updated, markup helper functions added.</li>
<li>URL rewriting schemes, nice URLs built-in.</li>
<li>Split/merge topics functionality.</li>
<li>Multiple groups for moderators allowed.</li>
<li>Searches are now case-insensitive, extern.php improved, more global, per-group and per-user options added.</li>
<li>Certain "bad" characters are silently stripped out from the text input.</li>
<li>Got rid of extras folder, README added.</li>
<li>Hotfix system based on extension system for quick bugfixes.</li>
</ul>
		</english-features>
		<english-exp_ad_pass>New password. Leave blank if you do not want to reset the password</english-exp_ad_pass>
		<english-err_no_username>Please provide the username to reset the password</english-err_no_username>
		<english-err_no_such_user>The Admin username is incorrect and does not exist!</english-err_no_such_user>
		<english-err_no_dbprefix>Could not determine the database prefix</english-err_no_dbprefix>
	</languages>
</soft>