<soft xmlns="http://www.softaculous.com">
	<overview>
		<img src="tikilogo.png" style="float:right; margin:10px" alt="" />{{overview}}		
	</overview>
	<features>
    {{features}}
	</features>
	<demo>
		http://www.softaculous.com/demos/Tiki_Wiki_CMS_Groupware
	</demo>
	<ratings>
		http://www.softaculous.com/softwares/cms/Tiki_Wiki_CMS_Groupware
	</ratings>
	<space>
		160963509
	</space>
	<support>
		http://info.tiki.org/
	</support>
	<version>
		18.4
	</version>
	<mod>42</mod>
	<release_date>12-08-2019</release_date>
	<admin>tiki-admin.php</admin>
	<branch>44</branch>
	<branch>569</branch>
	<branch>433</branch>
	<min_require>3.0</min_require>
	<softversion>
		4.5.4
	</softversion>
	<requirement check="php" type="version" operator="ge" value="5.6.0" />
	<requirement check="php" type="extension" name="libxml" />
	<requirement check="php" type="extension" name="mbstring" />
	<requirement check="php" type="extension" name="ctype" />
	<requirement check="php" type="extension" name="calendar" />
	<requirement check="php" type="extension" name="iconv" />
	<languages>
		<english-overview><font size="5" color="#182e7a">Tiki</font> is a CMS/Groupware which offers a large number of features "out-of-the-box" arguably more than any other Open Source Web Application. It can be overwhelming, even to an experienced user or administrator. 
		<br />
		Tiki has all the classic CMS and portal features of other applications, but also includes features not available anywhere else. Tiki is highly configurable and modular; all features are optional and can be administered through Tiki's browser-based interface.
		<br />
		<br />
		TikiWiki is licensed under <a href="http://www.gnu.org/licenses/lgpl-2.1.html" target="_blank" >GNU Lesser General Public License Version 2.1</a>.
		</english-overview>		
		<english-features>
		<br /><br />
<font size="3" color="#1281B6"><b>Tiki has the features you need:</b></font><br /><br />
<ul>
<li>Wikis (like Wikipedia)</li>
<li>Forums (like phpBB)</li>
<li>Blogs (like WordPress)</li>
<li>Articles (like Digg)</li>
<li>Image Gallery (like Flickr)</li>
<li>Map Server (like Google Maps)</li>
<li>Link Directory (like DMOZ)</li>
<li>Multilingual (like Babel Fish)</li>
<li>Bug tracker (like Bugzilla)</li>
<li>RSS feeds (in &amp; out)</li>
<li>Free source software (LGPL)</li>
</ul>
And <i>much</i> more...
		</english-features>
		<english-></english->
		<english-exp_ad_pass>New password. Leave blank if you do not want to reset the password</english-exp_ad_pass>
		<english-err_no_username>Please provide the username to reset the password</english-err_no_username>
		<english-err_no_such_user>The Admin username is incorrect and does not exist!</english-err_no_such_user>
	</languages>
</soft>