<soft xmlns="http://www.softaculous.com">
	<overview>
		<img src="logo.gif" style="float:right;margin:10px;" alt="" />{{overview}}
	</overview>
	<features>
		{{features}}
	</features>
	<demo>
		http://www.softaculous.com/demos/PeoplePods
	</demo>
	<ratings>
		http://www.softaculous.com/softwares/socialnetworking/PeoplePods
	</ratings>
	<space>
		4802950
	</space>
	<support>
		https://github.com/xoxco/PeoplePods/
	</support>
	<version>
		0.9
	</version>
	<mod>2</mod>
	<mod_files>7</mod_files>
	<release_date>19-04-2011</release_date>
	<admin>peoplepods/admin</admin>
	<softversion>
		4.5.4
	</softversion>
	<languages>
		<english-overview>
		<font size="5" color="#182e7a">PeoplePods </font>is a developer-friendly social software toolkit.  
		<br /><br />
		Build applications where people meet, talk, share, read, work, publish and explore.
		<br /><br />
		PeoplePods provides a flexible infrastructure within which members of a site can create, comment upon, and consume content of arbitrary types. 
		<br /><br />
		PeoplePods is released under the <a href="http://code.google.com/p/peoplepods/source/browse/trunk/LICENSE.txt" target="_blank">PeoplePods License</a>.
		</english-overview>		
		<english-features>
<ul>
<li>Member profiles</li>
<li>Discussion areas</li>
<li>Member-created groups</li>
<li>Wordpress plugin</li>
</ul>
		</english-features>
		<english-exp_ad_pass>New password. Leave blank if you do not want to reset the password</english-exp_ad_pass>
		<english-err_no_email>Please provide the email to reset the password</english-err_no_email>
		<english-err_no_such_email>The Admin email is incorrect and does not exist!</english-err_no_such_email>
	</languages>
</soft>