<softupgrade xmlns="http://www.softaculous.com">
	<setuplocation>install/upgrade.php</setuplocation>
	<settings>		
		<group>
			<heading>hidden</heading>
			<input type="hidden" name="dummy" value="">
			</input>
		</group>
	</settings>
	<auto_upgrade>1</auto_upgrade>
	<files>
		<exclude>includes/config.inc.php</exclude>
		<exclude>.htaccess</exclude>
		<exclude>admin/*</exclude>
		<exclude>admin/*/*</exclude>
		<exclude>admin/*/*/*</exclude>
		<exclude>admin/*/*/*/*</exclude>
		<exclude>admin/*/*/*/*/*</exclude>
		<exclude>admin/*/*/*/*/*/*</exclude>
		<exclude>data/*</exclude>
		<exclude>data/*/*</exclude>
		<exclude>data/*/*/*</exclude>
		<exclude>data/*/*/*/*</exclude>
		<exclude>data/*/*/*/*/*</exclude>
		<exclude>data/*/*/*/*/*/*</exclude>
		<exclude>images/*</exclude>
		<exclude>images/*/*</exclude>
		<exclude>images/*/*/*</exclude>
		<exclude>images/*/*/*/*</exclude>
		<exclude>images/*/*/*/*/*</exclude>
		<exclude>images/*/*/*/*/*/*</exclude>
	</files>
</softupgrade>