<soft xmlns="http://www.softaculous.com">
	<overview>
		<img src="logo.gif" style="float:right; margin:10px" alt="" />{{overview}}
	</overview>
	<features>
		{{features}}
	</features>
	<demo>
		http://www.softaculous.com/demos/yii
	</demo>
	<ratings>
		http://www.softaculous.com/softwares/frameworks/yii
	</ratings>
	<space>
		36936036
	</space>
	<support>
		http://www.yiiframework.com/
	</support>
	<version>
		2.0.31
	</version>
	<mod>38</mod>
	<release_date>18-12-2019</release_date>
	<softversion>
		4.1.7
	</softversion>
	<requirement check="php" type="version" operator="ge" value="5.4.0" />
	<languages>
		<english-overview>
		<font size="5" color="#182e7a">YiiFramework</font> helps Web developers build complex applications and deliver them on-time.
		<br /><br />
		Yii comes with rich features: MVC, DAO/ActiveRecord, I18N/L10N, caching, authentication and role-based access control, scaffolding, testing, etc. It can reduce your development time significantly.
		<br /><br />
		YiiFramework is released under the <a href="http://www.yiiframework.com/license/" target="_blank">BSD LICENSE</a>.
		</english-overview>		
		<english-features>
<ul>
<li>Model-View-Controller (MVC) design pattern</li>
<li>Database Access Objects (DAO), Query Builder, and Active Record</li>
<li>Form input and validation</li>
<li>AJAX-enabled widgets</li>
<li>Authentication and authorization</li>
<li>Skinning and theming</li>
<li>Web services</li>
<li>Internationalization (I18N) and localization (L10N)</li>
<li>Layered caching scheme</li>
<li>Error handling and logging</li>
<li>Security</li>
<li>Unit and functionality testing</li>
<li>Automatic code generation</li>
<li>Compliance to XHTML</li>
<li>Purely object-oriented</li>
<li>Friendly with third-party code</li>
<li>Detailed documentation</li>
<li>Extension library</li>
</ul>
		</english-features>
	</languages>
</soft>