<softinstall xmlns="http://www.softaculous.com">
	<settings>	
		<group>
			<heading>{{ad_lang}}</heading>
			<input type="select">
				<select name="language">
					<option value="en-US">English</option>
					<option value="af">Afrikaans</option>
					<option value="ar">Arabic</option>
					<option value="hy">Armenian</option>
					<option value="az">Azerbaijani</option>
					<option value="be">Belarusian</option>
					<option value="bg">Bulgarian</option>
					<option value="bs">Bosnian</option>
					<option value="ca">Catalan</option>
					<option value="hr">Croatian</option>
					<option value="zh-CN">Chinese Traditional</option>
					<option value="zh-TW">Chinese Simplified</option>
					<option value="cs">Czech</option>
					<option value="da">Danish</option>
					<option value="nl">Dutch</option>
					<option value="et">Estonian</option>
					<option value="fi">Finnish</option>
					<option value="fr">French</option>
					<option value="de">German</option>
					<option value="el">Greek</option>
					<option value="ka">Georgian</option>
					<option value="he">Hebrew</option>
					<option value="hu">Hungarian</option>
					<option value="it">Italian</option>
					<option value="id">Indonesian</option>
					<option value="ja">Japanese</option>
					<option value="kk">Kazakh</option>
					<option value="ko">Korean</option>
					<option value="lt">Lithuanian</option>
					<option value="lv">Latvian</option>
					<option value="ms">Malay</option>
					<option value="fa">Persian</option>
					<option value="pl">Polish</option>
					<option value="pt">Portuguese</option>
					<option value="pt-BR">Portuguese-BR</option>
					<option value="ro">Romanian</option>
					<option value="ru">Russian</option>
					<option value="sk">Slovak</option>
					<option value="es">Spanish</option>
					<option value="sl">Slovenian</option>
					<option value="sr">Serbian</option>
					<option value="sv">Swedish</option>
					<option value="tg">Tajik</option>
					<option value="th">Thai</option>
					<option value="tr">Turkish</option>
					<option value="uk">Ukrainian</option>
					<option value="uz">Uzbek</option>
					<option value="vi">Vietnamese</option>
				</select>
				<head>{{select_lang}}</head>
			</input>
		</group>
	</settings>	
</softinstall>