<soft xmlns="http://www.softaculous.com">
	<overview>
		<img src="logo.gif" style="float:right;margin:10px;" alt="" />{{overview}}
	</overview>
	<features>
		{{features}}
	</features>
	<demo>
		http://www.softaculous.com/demos/Nibbleblog
	</demo>
	<ratings>
		http://www.softaculous.com/softwares/blogs/Nibbleblog
	</ratings>
	<space>
		2253222
	</space>
	<support>
		http://nibbleblog.com/
	</support>
	<version>
		4.0.5
	</version>
	<mod>12</mod>
	<mod_files>2</mod_files>
	<release_date>07-09-2015</release_date>
	<admin>admin.php</admin>
	<softversion>
		4.1.7
	</softversion>
	<requirement check="php" type="version" operator="ge" value="5.2.0" />
	<requirement check="php" type="extension" name="curl" />
	<requirement check="php" type="extension" name="dom" />
	<requirement check="php" type="extension" name="SimpleXML" />
	<languages>
		<english-overview>
		<font size="5" color="#182e7a">Nibbleblog</font> Easy, fast and free CMS Blog
		<br /><br />
		 The database used is based on XML files and this way it is not necessary to use MySQL or similar DBMS.
		<br /><br />
		Nibbleblog it's totally free under <a href="http://www.gnu.org/copyleft/gpl.html" target="_blank">GPL-3 license</a>.
		</english-overview>
		<english-features>
		<ul>
<li><font size="2" color="#1281B6"><b>Upload picture to the internal server with so easy and convenient</b></font><br /></li>
<li><font size="2" color="#1281B6"><b>plugin: Share</b></font><br /></li>
<li><font size="2" color="#1281B6"><b>plugin: Categories</b></font><br /></li>
<li><font size="2" color="#1281B6"><b>plugin: Sponsors</b></font><br /></li>
<li><font size="2" color="#1281B6"><b>Jquery v1.8</b></font><br /></li>
<li><font size="2" color="#1281B6"><b>Tinymce v3.5.6 (WYSIWYG)</b></font><br /></li>
</ul>
		</english-features>
	</languages>
</soft>