<softupgrade xmlns="http://www.softaculous.com">
	<setuplocation>update.php</setuplocation>
	<settings>		
		<group>
			<heading>hidden</heading>
			<input type="hidden" name="dummy" value="">
			</input>
		</group>
	</settings>
	<auto_upgrade>1</auto_upgrade>
	<files>
		<exclude>content/private/*</exclude>
		<exclude>content/private/*/*</exclude>
		<exclude>content/private/*/*/*</exclude>
		<exclude>content/private/*/*/*/*</exclude>
		<exclude>content/private/*/*/*/*/*</exclude>
		<exclude>content/private/*/*/*/*/*/*</exclude>
		<exclude>content/private/*/*/*/*/*/*/*</exclude>
	</files>
</softupgrade>