<softinstall xmlns="http://www.softaculous.com">
	<settings>
		<group>
			<heading>{{site_set}}</heading>
			<input type="text" name="admin_folder" size="30" value="admin123" save="true">
				<head>{{ad_dir}}</head>
				<handle>__admin_folder</handle>
			</input>
		</group>
		<group>
			<heading>{{ad_act}}</heading>
			<input type="text" name="admin_username" size="30" value="admin">
				<head>{{ad_name}}</head>
			</input>
			<input type="text" name="admin_pass" size="30" value="password">
				<head>{{ad_pass}}</head>
				<handle>__ad_pass</handle>
			</input>
			<input type="text" name="admin_email" size="30" value="admin" softmail="true">
				<head>{{ad_email}}</head>
				<handle>__email_address</handle>
			</input>
		</group>
	</settings>
	<db>mysql</db>
	<files>
		<exclude>install.php</exclude>
		<exclude>site/install/*</exclude>
		<exclude>site/install/*/*</exclude>
		<exclude>site/install/*/*/*</exclude>
		<exclude>site/install/*/*/*/*</exclude>
		<exclude>site/install/*/*/*/*/*</exclude>
		<exclude>site-languages/*</exclude>
		<exclude>site-languages/*/*</exclude>
		<exclude>site-languages/*/*/*</exclude>
		<exclude>site-languages/*/*/*/*</exclude>
		<exclude>site-languages/*/*/*/*/*</exclude>
		<exclude>site-classic/*</exclude>
		<exclude>site-classic/*/*</exclude>
		<exclude>site-classic/*/*/*</exclude>
		<exclude>site-classic/*/*/*/*</exclude>
		<exclude>site-classic/*/*/*/*/*</exclude>
		<exclude>site-blank/*</exclude>
		<exclude>site-blank/*/*</exclude>
		<exclude>site-blank/*/*/*</exclude>
		<exclude>site-blank/*/*/*/*</exclude>
		<exclude>site-blank/*/*/*/*/*</exclude>
		<exclude>site-beginner/*</exclude>
		<exclude>site-beginner/*/*</exclude>
		<exclude>site-beginner/*/*/*</exclude>
		<exclude>site-beginner/*/*/*/*</exclude>
		<exclude>site-beginner/*/*/*/*/*</exclude>
		<exclude>site-regular/*</exclude>
		<exclude>site-regular/*/*</exclude>
		<exclude>site-regular/*/*/*</exclude>
		<exclude>site-regular/*/*/*/*</exclude>
		<exclude>site-regular/*/*/*/*/*</exclude>
		<exclude>.gitignore</exclude>
	</files>
</softinstall>