<softinstall xmlns="http://www.softaculous.com">
	<settings>
		<group>
			<heading>{{site_set}}</heading>
			<input type="text" name="site_name" size="30" value="Pydio">
				<head>{{site_name}}</head>
			</input>
			<input type="text" name="site_desc" size="30" value="Welcome to Pydio">
				<head>{{site_desc}}</head>
			</input>
		</group>
		<group>
			<heading>{{ad_act}}</heading>
			<input type="text" name="admin_username" size="30" value="admin">
				<head>{{ad_name}}</head>
				<optional>true</optional>
			</input>
			<input type="text" name="admin_pass" size="30" value="password">
				<head>{{ad_pass}}</head>
				<handle>__ad_pass</handle>
			</input>
			<input type="text" name="admin_realname" size="30" value="Administrator">
				<head>{{real_name}}</head>
			</input>
		</group>
		<group>
			<heading>{{ad_lang}}</heading>
			<input type="select">
				<select name="language">
					<option value="en">English</option>
					<option value="ca">Catalan</option>
					<option value="cs">Czech</option>
					<option value="da">Danish</option>
					<option value="nl">Dutch</option>
					<option value="de">German</option>
					<option value="es">Spanish</option>
					<option value="et">Estonian</option>
					<option value="eus">Euskaraz</option>
					<option value="fi">Finnish</option>
					<option value="fr">French</option>
					<option value="gr">Greek</option>
					<option value="he">Hebrew</option>
					<option value="hu">Hungarian</option>
					<option value="it">Italian</option>
					<option value="ja">Japanese</option>
					<option value="kr">Korean</option>
					<option value="no">Norwegian</option>
					<option value="pl">Polish</option>	
					<option value="pt-br">Portuguese-BR</option>
					<option value="ru">Russian</option>
					<option value="si">Slovenian</option>
					<option value="sv">Swedish</option>
					<option value="tr">Turkish</option>
					<option value="zh">Chinese(Simplified)</option>
					<option value="zh-tw">Chinese (Traditional)</option>
				</select>
				<head>{{select_lang}}</head>
			</input>
		</group>
	</settings>
	<db>mysql</db>
</softinstall>