<soft xmlns="http://www.softaculous.com">
	<overview>
		<img src="logo.png" style="float:right; margin:10px" width="250" alt="" />{{overview}}
	</overview>
	<features>
		{{features}}
	</features>
	<demo>
		http://www.softaculous.com/demos/YOURLS
	</demo>
	<ratings>
		http://www.softaculous.com/softwares/others/YOURLS
	</ratings>
	<space>
		5401468
	</space>
	<support>
		http://yourls.org/
	</support>
	<version>
		1.7.4
	</version>
	<mod>13</mod>
	<release_date>23-09-2019</release_date>
	<admin>admin/</admin>
	<softversion>
		4.5.4
	</softversion>
	<requirement check="php" type="version" operator="ge" value="5.6.0" />
	<languages>
		<english-overview>
		<font size="5" color="#182e7a">YOURLS</font>is a small set of PHP scripts that will allow you to run your own URL shortening service (a la TinyURL). You can make it private or public, you can pick custom keyword URLs, it comes with its own API. You will love it.

		<br /><br />
		 
There's a WordPress plugin available for YOURLS, making integration with your blog a snap: create short URLs and tweet them automagically as you publish blog posts.

		<br /><br />
		YOURLS was developed under the open source <a href="http://www.gnu.org/licenses/gpl-2.0.html" target="_blank">GPL license</a>.
		</english-overview>		
		<english-features>
			<ul>
				<li><tt>Public</tt> (everybody can create short links) or <tt>private</tt> (your links only)</li>
				<li>Sequential or custom URL keyword</li>
				<li>Handy <tt>bookmarklet</tt> to easily shorten and share links</li>
				<li>Awesome <tt>stats</tt>: historical click reports, referrers tracking, visitors geo-location</li>
				<li>Neat <tt>AJAXed</tt> interface</li>
				<li>Cool developer <tt>API</tt></li>
				<li>Friendly <tt>installer</tt></li>
			</ul>
		</english-features>
		<english-exp_ad_pass>New password. Leave blank if you do not want to reset the password</english-exp_ad_pass>
		<english-err_no_username>Please provide the username to reset the password</english-err_no_username>
		<english-err_no_such_user>The Admin username is incorrect and does not exist!</english-err_no_such_user>
	</languages>
</soft>