<softinstall xmlns="http://www.softaculous.com">
	<settings>
		<group>
			<heading>{{db_set}}</heading>
			<input type="text" name="dbprefix" size="30" value="wp_">
				<head>{{db_pre}}</head>
				<optional>true</optional>
			</input>
		</group>
		<group>
			<heading>{{site_set}}</heading>
			<input type="text" name="site_name" size="30" value="My Blog">
				<head>{{site_name}}</head>
			</input>
			<input type="text" name="site_desc" size="30" value="My WordPress Blog">
				<head>{{site_desc}}</head>
			</input>
			<input type="checkbox" name="multisite" value="off">
				<head>{{multisite}}</head>
				<exp>{{exp_multisite}}</exp>
				<admin type="checkbox" enabled="1"></admin>
			</input>
		</group>
		<group>
			<heading>{{ad_act}}</heading>
			<input type="text" name="admin_username" size="30" value="admin">
				<head>{{ad_name}}</head>
				<handle>__admin_username</handle>
			</input>
			<input type="text" name="admin_pass" size="30" value="pass">
				<head>{{ad_pass}}</head>
				<handle>__ad_pass</handle>
			</input>
			<input type="text" name="admin_email" size="30" value="admin" softmail="true">
				<head>{{ad_email}}</head>
				<handle>__email_address</handle>
			</input>
		</group>
		<group>
			<heading>{{ad_lang}}</heading>
			<input type="select">
				<select name="language">
					<option value="en">English</option>
					<option value="ar">Arabic</option>
					<option value="sq">Albanian</option>
					<option value="bg_BG">Bulgarian</option>
					<option value="ca">Catalan</option>
					<option value="zh_CN">Chinese(Simplified)</option>
					<option value="zh_TW">Chinese(Traditional)</option>
					<option value="hr">Croatian</option>	
					<option value="cs_CZ">Czech</option>
					<option value="da_DK">Danish</option>
					<option value="nl_NL">Dutch</option>
					<option value="fi">Finnish</option>
					<option value="fr_FR">French</option>
					<option value="de_DE">German</option>
					<option value="el">Greek</option>
					<option value="he_IL">Hebrew</option>
					<option value="hu_HU">Hungarian</option>	
					<option value="id_ID">Indonesian</option>
					<option value="it_IT">Italian</option>	
					<option value="ja">Japanese</option>
					<option value="ko_KR">Korean</option>
					<option value="nb_NO">Norwegian</option>
					<option value="fa_IR">Persian</option>
					<option value="pl_PL">Polish</option>	
					<option value="pt_PT">Portuguese</option>
					<option value="pt_BR">Portuguese-BR</option>
					<option value="ro_RO">Romanian</option>
					<option value="ru_RU">Russian</option>
					<option value="sl_SI">Slovenian</option>
					<option value="sk_SK">Slovak</option>
					<option value="es_ES">Spanish</option>
					<option value="sv_SE">Swedish</option>
					<option value="th">Thai</option>
					<option value="tr_TR">Turkish</option>
					<option value="uk">Ukrainian</option>
					<option value="vi">Vietnamese</option>
					<option value="zh_HK">Chinese (Hong Kong)</option>
				</select>
				<head>{{select_lang}}</head>
			</input>
		</group>
		<group>
			<heading>{{select_plugins}}</heading>
			<input type="checkbox" name="loginizer" value="off">
				<head>{{loginizer}}</head>
				<exp>{{exp_loginizer}}</exp>
				<admin type="checkbox" enabled="1"></admin>
			</input>
			<input type="checkbox" name="wpboldgrid" value="off">
				<head>{{wpboldgrid}}</head>
				<exp>{{exp_wpboldgrid}}</exp>
				<admin type="checkbox" enabled="0"></admin>
			</input>
			<input type="checkbox" name="classic-editor" value="off">
				<head>{{classic-editor}}</head>
				<exp>{{exp_classic-editor}}</exp>
				<admin type="checkbox" enabled="1"></admin>
			</input>
			<input type="checkbox" name="wp-central" value="off">
				<head>{{wpcentral}}</head>
				<exp>{{exp_wpcentral}}</exp>
				<admin type="checkbox" enabled="1"></admin>
			</input>
		</group>
	</settings>
	<db>mysql</db>
	<footer_link>wp-content/themes/twentytwenty/footer.php</footer_link>
	<footer_link>wp-content/themes/twentynineteen/footer.php</footer_link>
	<footer_link>wp-content/themes/twentyseventeen/template-parts/footer/site-info.php</footer_link>
	<footer_link>wp-content/themes/twentysixteen/footer.php</footer_link>
	<footer_prefix> - </footer_prefix>
</softinstall>