<softinstall xmlns="http://www.softaculous.com">
	<settings>
		<group>
			<heading>{{site_set}}</heading>
			<input type="text" name="site_name" size="30" value="My HumHub site">
				<head>{{site_name}}</head>
			</input>
		</group>
		<group>
			<heading>{{ad_act}}</heading>
			<input type="text" name="admin_username" size="30" value="admin">
				<head>{{ad_name}}</head>
			</input>
			<input type="text" name="admin_pass" size="30" value="pass">
				<head>{{ad_pass}}</head>
				<handle>__ad_pass</handle>
			</input>
			<input type="text" name="admin_fname" size="30" value="System">
				<head>{{f_name}}</head>
			</input>
			<input type="text" name="admin_lname" size="30" value="Administrator">
				<head>{{l_name}}</head>
			</input>
			<input type="text" name="admin_email" size="30" value="admin" softmail="true">
				<head>{{ad_email}}</head>
				<handle>__email_address</handle>
			</input>
		</group>
		<group>
			<heading>{{ad_lang}}</heading>
			<input type="select">
				<select name="language">
					<option value="en">English (US)</option>
						<option value="en_gb">English (UK)</option>
						<option value="de">German</option>
						<option value="fr">French</option>
						<option value="nl">Dutch</option>
						<option value="pl">Polish</option>
						<option value="pt">Portuguese</option>
						<option value="pt_br">Portuguese (Brazil)</option>
						<option value="es">Spanish</option>
						<option value="ca">Catalan</option>
						<option value="it">Italian</option>
						<option value="th">Thai</option>
						<option value="tr">Turkish</option>
						<option value="ru">Russian</option>
						<option value="uk">Ukrainian</option>
						<option value="el">Greek</option>
						<option value="ja">Japanese</option>
						<option value="hu">Hungarian</option>
						<option value="nb_no">Norwegian Bokmål (Norway)</option>
						<option value="nn_no">Norwegian Nynorsk (Norway)</option>
						<option value="zh_cn">Chinese - China</option>
						<option value="zh_tw">Chinese - Taiwan</option>
						<option value="an">Aragonese</option>
						<option value="vi">Vietnamese</option>
						<option value="sv">Swedish</option>
						<option value="cs">Czech</option>
						<option value="da">Danish</option>
						<option value="uz">Uzbek</option>
						<option value="fa_ir">Persian</option>
						<option value="bg">Bulgarian</option>
						<option value="sk">Slovak</option>
						<option value="ro">Romanian</option>
						<option value="ar">Arabic</option>
						<option value="ko">Korean</option>
						<option value="id">Indonesian</option>
						<option value="lt">Lithuanian</option>
						<option value="ht">Haitian</option>
						<option value="lv">Latvian</option>
						<option value="sl">Slovenian</option>
						<option value="hr">Croatian</option>
						<option value="am">Amharic</option>
						<option value="fi">Finnish</option>
				</select>
				<head>{{select_lang}}</head>
			</input>
		</group>
	</settings>
	<db>mysql</db>
	<cron>
		<min>{rand(0,59)}</min>
		<hour>{rand(0,23)}</hour>
		<day>*</day>
		<month>*</month>
		<weekday>*</weekday>
		<command>[[php_path]] [[softpath]]/protected/yii cron/run >/dev/null 2>&amp;1</command>
	</cron>
</softinstall>