<softinstall xmlns="http://www.softaculous.com">
	<settings>
		<group>
			<heading>{{site_set}}</heading>
			<input type="text" name="site_name" size="30" value="Claroline">
				<head>{{site_name}}</head>
			</input>
		</group>
		<group>
			<heading>{{db_set}}</heading>
			<input type="text" name="dbprefix" size="30" value="cl_">
				<head>{{db_pre}}</head>
				<optional>true</optional>
			</input>
		</group>
		<group>
			<heading>{{ad_act}}</heading>
			<input type="text" name="admin_username" size="30" value="admin">
				<head>{{ad_name}}</head>
			</input>
			<input type="text" name="admin_pass" size="30" value="pass">
				<head>{{ad_pass}}</head>
				<handle>__ad_pass</handle>
			</input>
			<input type="text" name="admin_fname" size="30" value="System">
				<head>{{f_name}}</head>
			</input>
			<input type="text" name="admin_lname" size="30" value="Administrator">
				<head>{{l_name}}</head>
			</input>
			<input type="text" name="admin_email" size="30" value="admin" softmail="true">
				<head>{{ad_email}}</head>
				<handle>__email_address</handle>
			</input>
		</group>
		<group>
			<heading>{{ad_lang}}</heading>
			<input type="select">
				<select name="language">
					<option value="english">English</option>
					<option value="albanian">Albanian</option>
					<option value="arabic">Arabic</option>
					<option value="brazilian">Brazilian</option>
					<option value="bulgarian">Bulgarian</option>
					<option value="catalan">Catalan</option>
					<option value="croatian">Croatian</option>
					<option value="czech">Czech</option>
					<option value="danish">Danish</option>
					<option value="dutch_be">Dutch Belgian</option>
					<option value="dutch_nl">Dutch Netherlands</option>
					<option value="finnish">Finnish</option>
					<option value="french">French</option>
					<option value="galician">Galician</option>
					<option value="german">German</option>
					<option value="greek">Greek</option>
					<option value="guarani">Guarani</option>
					<option value="hungarian">Hungarian</option>	
					<option value="indonesian">Indonesian</option>
					<option value="italian">Italian</option>
					<option value="japanese">Japanese</option>
					<option value="lao">Lao</option>
					<option value="malay">Malay</option>
					<option value="persian">Persian</option>
					<option value="polish">Polish</option>
					<option value="portuguese">Portuguese</option>
					<option value="romanian">Romanian</option>
					<option value="russian">Russian</option>
					<option value="slovenian">Slovenian</option>
					<option value="spanish">Spanish</option>
					<option value="spanish_latin">Spanish Latin</option>
					<option value="swedish">Swedish</option>
					<option value="thai">Thai</option>
					<option value="turkce">Turkish</option>
					<option value="vietnamese">Vietnamese</option>
					<option value="simpl_chinese">Simplified Chinese</option>
					<option value="zh_tw">Traditional Chinese</option>
				</select>
				<head>{{select_lang}}</head>
			</input>
		</group>
	</settings>
	<db>mysql</db>
	<files>
		<exclude>claroline/install/*</exclude>
		<exclude>claroline/install/*/*</exclude>
		<exclude>claroline/install/*/*/*</exclude>
		<exclude>claroline/install/*/*/*/*</exclude>
		<exclude>claroline/install/*/*/*/*/*</exclude>
		<exclude>claroline/install/*/*/*/*/*/*</exclude>
	</files>
</softinstall>