<soft xmlns="http://www.softaculous.com">
	<overview>
		<img src="logo.jpg" style="float:right;margin:10px;" alt="" />{{overview}}
	</overview>
	<features>
		{{features}}
	</features>
	<demo>
		http://www.softaculous.com/demos/FrontAccounting
	</demo>
	<ratings>
		http://www.softaculous.com/softwares/erp/FrontAccounting
	</ratings>
	<space>
		6687206
	</space>
	<support>
		http://www.frontaccounting.com/
	</support>
	<version>
		2.4.7
	</version>
	<mod>36</mod>
	<release_date>24-06-2019</release_date>
	<admin>index.php</admin>
	<softversion>
		4.5.4
	</softversion>
	<requirement check="php" type="version" operator="ge" value="5.5.0" />
	<languages>
		<english-overview>
		<font size="5" color="#182e7a">FrontAccounting</font> is an accounting system for small companies. It is web based, simple, but powerful, system for the entire ERP chain.
		<br /><br />
		FrontAccounting is released under the <a href="http://www.gnu.org/licenses/gpl-2.0.html" target="_blank">GNU GENERAL PUBLIC LICENSE</a>.
		</english-overview>		
		<english-features>
<ul>
<li>Purchase Orders</li>
<li>Goods Receivable Notes</li>
<li>Supplier Invoices/Credit Notes</li>
<li>Customer Invoices/Credit Notes</li>
<li>General Ledger with Budget</li>
<li>Accounts Receivable</li>
<li>Items and Inventory</li>
</ul>
		</english-features>
	</languages>
</soft>