<softinstall xmlns="http://www.softaculous.com">
	<settings>
		<group>
			<heading>{{ad_act}}</heading>
			<input type="text" name="admin_username" size="30" value="super" disabled="disabled">
				<head>{{ad_name}}</head>
				<optional>true</optional>
			</input>
			<input type="text" name="admin_pass" size="30" value="pass">
				<head>{{ad_pass}}</head>
				<handle>__ad_pass</handle>
			</input>
		</group>
	</settings>
	<db>mysql</db>
	<files>
		<exclude>app/test.php</exclude>
	</files>
</softinstall>