<softinstall xmlns="http://www.softaculous.com">
	<settings>	
		<group>
			<heading>{{ad_act}}</heading>
			<input type="text" name="admin_username" size="30" value="admin">
				<head>{{ad_name}}</head>
			</input>
			<input type="text" name="admin_pass" size="30" value="pass">
				<head>{{ad_pass}}</head>
				<handle>__admin_pass</handle>
			</input>
			<input type="text" name="admin_email" size="30" value="admin" softmail="true">
				<head>{{ad_email}}</head>
				<handle>__email_address</handle>
			</input>					
		</group>
		<group>
			<heading>{{ad_lang}}</heading>
			<input type="select">
				<select name="language">
					<option value="en">English</option>
					<option value="ar">Arabic</option>
					<option value="es">Spanish</option>
					<option value="fr">French</option>
					<option value="da">Danish</option>
					<option value="fi_FI">Finnish</option>
					<option value="de">German</option>
					<option value="ja">Japanese</option>
					<option value="ko">Korean</option>
					<option value="nb_NO">Norwegian (Bokmaal)</option>
					<option value="nl">Dutch</option>
					<option value="it">Italian</option>
					<option value="pt_BR">Portuguese (Brazilian)</option>
					<option value="pt_PT">Portuguese</option>
					<option value="ru">Russian</option>
					<option value="sv">Swedish</option>
					<option value="tr">Turkish</option>
					<option value="zh_CN">Chinese (Simplified)</option>
				</select>
				<head>{{select_lang}}</head>
			</input>
		</group>
	</settings>
	<datadir>nextclouddata</datadir>
	<db>mysql</db>
	<files>
		<exclude>config/CAN_INSTALL</exclude>
	</files>
</softinstall>